Workbook

Sheet About this study
A1: Plausible but wrong: silent analytical errors in LLM-generated charts (pilot study)
A3: Aim | B3: To measure how often a chatbot turns an underspecified data question into a chart that runs and looks plausible but is analytically wrong, and to test two remedies: asking the model to state its analytical choices before writing code (prevention), and asking the model to check finished code (detection).
A4: Data | B4: Our World in Data COVID-19 dataset, final release (data to 14 August 2024): https://raw.githubusercontent.com/owid/covid-19-data/master/public/data/owid-covid-data.csv. The data file is not included; download it from this address to reproduce the analysis.
A5: Model | B5: ChatGPT, free plan, default model, with Think and Memory off; every question in a new chat. All logged runs are from 15–16 October 2026.
A6: Questions | B6: 28 questions: 25 traps (T01–T25), each built around an analytical choice the question leaves open, and 3 fully specified controls (C01–C03). The answer key (Questions sheet, columns C and E–H) was written before any model output was seen and was never shown to the model.
A8: Step 1 – Baseline | B8: Each question was sent in a new chat with the baseline prompt (Questions, column I). The returned code was run exactly as written in Jupyter, the chart saved, and the result labelled in the Run log (condition = Baseline).
A9: Step 2 – State choices | B9: Each question was sent again in a new chat with the state-choices prompt (column J), which asks the model to list and justify its analytical choices before writing code. Logged in the Run log with condition = State choices. Tests prevention.
A10: Step 3 – Check afterwards | B10: Each baseline script was sent in a new chat with the check prompt (column K), which asks whether the chart answers the question correctly and requires a 'Correct' or 'Problem:' verdict. The model was not told the code was its own. Verdicts are recorded in the Detection log. Tests detection.
A11: Step 4 – People check | B11: Eight baseline charts (all 4 silent errors and 4 valid charts, in alternating order) were shown with their questions to 5 lay readers, each answering alone and without names recorded: 'Is this chart a correct answer to the question?' Answers are in the People check sheet.
A13: Labels (Run log) | B13: Valid = makes an acceptable choice (see 'Valid chart' column). Valid - choice stated = makes a defensible choice AND says so or adds the needed caveat. Flagged analytical error = the chart uses a misleading choice, but the model's text says so or names the better measure (the warning is in the chat, not on the chart). Silent analytical error = code runs, chart looks fine, but uses a misleading choice (see 'Misleading chart' column) and nothing in the code or text flags it. Visible error = code crashes, or the chart is empty or unreadable.
A14: Implausible? | B14: Yes if a careful reader could tell something is off from the chart alone (e.g. a vaccination rate above 100%). Silent errors that are implausible are still silent errors; the column shows how many were truly invisible.
A15: Code handling | B15: Model code was run exactly as returned and never corrected; crashes were recorded as results. Where a question was re-run, the new result replaced the old one, as decided in advance. Installation instructions given separately from the script (e.g. 'pip install') were not run as code.
A16: Fairness rule | B16: Labels were assigned against the Valid and Misleading columns of the answer key, which were fixed before any run and not changed afterwards. Where an output did not fit, the closest label was used and the reasoning recorded in Notes; judgement calls are marked as such.
... A19: Key results | B19: Baseline: all code ran (100%), but 48% of trap questions produced an analytical error (16% silent, 32% flagged). State choices: silent errors fell to 0% and analytical errors to 16%, with all controls still valid. Check afterwards: the model caught 2 of 4 silent errors with the right problem, but raised false alarms on 13 of 15 valid charts (87%). People check: 5 lay readers judged silent-error charts correct 70% of the time, against 95% for valid charts. Full figures are on the Summary sheet.

Sheet Summary
A1: Measure | B1: Baseline | C1: State choices
A2: Charts logged (all questions) | B2: =COUNTIFS('Run log'!$D$3:$D$58,"Baseline",'Run log'!$G$3:$G$58,"<>") -> 28 | C2: =COUNTIFS('Run log'!$D$3:$D$58,"State choices",'Run log'!$G$3:$G$58,"<>") -> 28
A3: Ran without error | B3: =IFERROR(COUNTIFS('Run log'!$D$3:$D$58,"Baseline",'Run log'!$G$3:$G$58,"Yes")/B2,"") -> 1 | C3: =IFERROR(COUNTIFS('Run log'!$D$3:$D$58,"State choices",'Run log'!$G$3:$G$58,"Yes")/C2,"") -> 0.96428571
A4: Trap questions labelled | B4: =COUNTIFS('Run log'!$D$3:$D$58,"Baseline",'Run log'!$C$3:$C$58,"Trap*",'Run log'!$H$3:$H$58,"<>") -> 25 | C4: =COUNTIFS('Run log'!$D$3:$D$58,"State choices",'Run log'!$C$3:$C$58,"Trap*",'Run log'!$H$3:$H$58,"<>") -> 25
A5: Silent error rate (trap questions) | B5: =IFERROR(COUNTIFS('Run log'!$D$3:$D$58,"Baseline",'Run log'!$C$3:$C$58,"Trap*",'Run log'!$H$3:$H$58,"Silent analytical error")/B4,"") -> 0.16 | C5: =IFERROR(COUNTIFS('Run log'!$D$3:$D$58,"State choices",'Run log'!$C$3:$C$58,"Trap*",'Run log'!$H$3:$H$58,"Silent analytical error")/C4,"") -> 0
A6: Flagged error rate (trap questions) | B6: =IFERROR(COUNTIFS('Run log'!$D$3:$D$58,"Baseline",'Run log'!$C$3:$C$58,"Trap*",'Run log'!$H$3:$H$58,"Flagged analytical error")/B4,"") -> 0.32 | C6: =IFERROR(COUNTIFS('Run log'!$D$3:$D$58,"State choices",'Run log'!$C$3:$C$58,"Trap*",'Run log'!$H$3:$H$58,"Flagged analytical error")/C4,"") -> 0.16
A7: Any analytical error, silent or flagged (trap questions) | B7: =IFERROR(COUNTIFS('Run log'!$D$3:$D$58,"Baseline",'Run log'!$C$3:$C$58,"Trap*",'Run log'!$H$3:$H$58,"*analytical error")/B4,"") -> 0.48 | C7: =IFERROR(COUNTIFS('Run log'!$D$3:$D$58,"State choices",'Run log'!$C$3:$C$58,"Trap*",'Run log'!$H$3:$H$58,"*analytical error")/C4,"") -> 0.16
A8: Visible error rate (trap questions) | B8: =IFERROR(COUNTIFS('Run log'!$D$3:$D$58,"Baseline",'Run log'!$C$3:$C$58,"Trap*",'Run log'!$H$3:$H$58,"Visible error")/B4,"") -> 0.04 | C8: =IFERROR(COUNTIFS('Run log'!$D$3:$D$58,"State choices",'Run log'!$C$3:$C$58,"Trap*",'Run log'!$H$3:$H$58,"Visible error")/C4,"") -> 0.04
A9: Valid (incl. choice stated), trap questions | B9: =IFERROR(COUNTIFS('Run log'!$D$3:$D$58,"Baseline",'Run log'!$C$3:$C$58,"Trap*",'Run log'!$H$3:$H$58,"Valid*")/B4,"") -> 0.48 | C9: =IFERROR(COUNTIFS('Run log'!$D$3:$D$58,"State choices",'Run log'!$C$3:$C$58,"Trap*",'Run log'!$H$3:$H$58,"Valid*")/C4,"") -> 0.8
A10: Silent errors also implausible to a careful reader | B10: =IFERROR(COUNTIFS('Run log'!$D$3:$D$58,"Baseline",'Run log'!$H$3:$H$58,"Silent analytical error",'Run log'!$J$3:$J$58,"Yes")/COUNTIFS('Run log'!$D$3:$D$58,"Baseline",'Run log'!$H$3:$H$58,"Silent analytical error"),"") -> 1 | C10: =IFERROR(COUNTIFS('Run log'!$D$3:$D$58,"State choices",'Run log'!$H$3:$H$58,"Silent analytical error",'Run log'!$J$3:$J$58,"Yes")/COUNTIFS('Run log'!$D$3:$D$58,"State choices",'Run log'!$H$3:$H$58,"Silent analytical error"),"n/a (0 silent errors)") -> n/a (0 silent errors)
A11: Control questions valid | B11: =IFERROR(COUNTIFS('Run log'!$D$3:$D$58,"Baseline",'Run log'!$C$3:$C$58,"Control",'Run log'!$H$3:$H$58,"Valid*")/COUNTIFS('Run log'!$D$3:$D$58,"Baseline",'Run log'!$C$3:$C$58,"Control",'Run log'!$H$3:$H$58,"<>"),"") -> 1 | C11: =IFERROR(COUNTIFS('Run log'!$D$3:$D$58,"State choices",'Run log'!$C$3:$C$58,"Control",'Run log'!$H$3:$H$58,"Valid*")/COUNTIFS('Run log'!$D$3:$D$58,"State choices",'Run log'!$C$3:$C$58,"Control",'Run log'!$H$3:$H$58,"<>"),"") -> 1
A13: Check afterwards (Detection log)
A14: Silent errors the model flagged with the right problem | B14: =IFERROR(COUNTIFS('Detection log'!$C$3:$C$30,"Silent analytical error",'Detection log'!$D$3:$D$30,"Problem",'Detection log'!$E$3:$E$30,"Yes")/COUNTIFS('Detection log'!$C$3:$C$30,"Silent analytical error",'Detection log'!$D$3:$D$30,"<>"),"") -> 0.5
A15: Valid charts wrongly flagged (false alarms) | B15: =IFERROR(COUNTIFS('Detection log'!$C$3:$C$30,"Valid*",'Detection log'!$D$3:$D$30,"Problem")/COUNTIFS('Detection log'!$C$3:$C$30,"Valid*",'Detection log'!$D$3:$D$30,"<>"),"") -> 0.86666667
A17: People check
A18: Silent-error charts people judged correct (missed) | B18: =IFERROR(SUMIFS('People check'!$N$3:$N$10,'People check'!$B$3:$B$10,"Silent analytical error")/SUMIFS('People check'!$M$3:$M$10,'People check'!$B$3:$B$10,"Silent analytical error"),"") -> 0.7
A19: Valid charts people judged correct | B19: =IFERROR(SUMIFS('People check'!$N$3:$N$10,'People check'!$B$3:$B$10,"Valid")/SUMIFS('People check'!$M$3:$M$10,'People check'!$B$3:$B$10,"Valid"),"") -> 0.95

Sheet Questions
A1: ID | B1: Type | C1: Hidden choice | D1: Question (as a user would ask) | E1: What the question leaves open | F1: Valid chart | G1: Misleading chart | H1: What the data show | I1: Baseline prompt | J1: State-choices prompt | K1: Check prompt (baseline code inserted at the placeholder)
A2: T01 | B2: Trap | C2: Totals vs rates; regional rows | D2: Which countries were hit hardest by COVID-19 deaths? Show me the top 10. | E2: Total deaths or deaths per person; whether rows such as 'World' and income groups count as countries. | F2: Deaths per million, countries only. | G2: Total deaths (big countries dominate), or a top 10 that includes 'World', 'Europe' or income groups. | H2: Per million: Peru 6,601; Bulgaria 5,670; North Macedonia 5,422. Totals: United States 1.19m; Brazil 702k; India 534k. | I2: I have the Our World in Data COVID-19 dataset saved as a CSV file called owid-covid-data.csv. It has one row per location per date, and these columns: iso_code, continent, location, date, total_cases, new_cases, new_cases_smoothed, total_deaths, new_deaths, new_deaths_smoothed, total_cases_per_million, new_cases_per_million, new_cases_smoothed_per_million, total_deaths_per_million, new_deaths_per_million, new_deaths_smoothed_per_million, reproduction_rate, icu_patients, icu_patients_per_million, hosp_patients, hosp_patients_per_million, weekly_icu_admissions, weekly_icu_admissions_per_million, weekly_hosp_admissions, weekly_hosp_admissions_per_million, total_tests, new_tests, total_tests_per_thousand, new_tests_per_thousand, new_tests_smoothed, new_tests_smoothed_per_thousand, positive_rate, tests_per_case, tests_units, total_vaccinations, people_vaccinated, people_fully_vaccinated, total_boosters, new_vaccinations, new_vaccinations_smoothed, total_vaccinations_per_hundred, people_vaccinated_per_hundred, people_fully_vaccinated_per_hundred, total_boosters_per_hundred, new_vaccinations_smoothed_per_million, new_people_vaccinated_smoothed, new_people_vaccinated_smoothed_per_hundred, stringency_index, population_density, median_age, aged_65_older, aged_70_older, gdp_per_capita, extreme_poverty, cardiovasc_death_rate, diabetes_prevalence, female_smokers, male_smokers, handwashing_facilities, hospital_beds_per_thousand, life_expectancy, human_development_index, population, excess_mortality_cumulative_absolute, excess_mortality_cumulative, excess_mortality, excess_mortality_cumulative_per_million. Write Python code using pandas and matplotlib that loads the file and makes a chart answering this question: Which countries were hit hardest by COVID-19 deaths? Show me the top 10. | J2: I have the Our World in Data COVID-19 dataset saved as a CSV file called owid-covid-data.csv. It has one row per location per date, and these columns: iso_code, continent, location, date, total_cases, new_cases, new_cases_smoothed, total_deaths, new_deaths, new_deaths_smoothed, total_cases_per_million, new_cases_per_million, new_cases_smoothed_per_million, total_deaths_per_million, new_deaths_per_million, new_deaths_smoothed_per_million, reproduction_rate, icu_patients, icu_patients_per_million, hosp_patients, hosp_patients_per_million, weekly_icu_admissions, weekly_icu_admissions_per_million, weekly_hosp_admissions, weekly_hosp_admissions_per_million, total_tests, new_tests, total_tests_per_thousand, new_tests_per_thousand, new_tests_smoothed, new_tests_smoothed_per_thousand, positive_rate, tests_per_case, tests_units, total_vaccinations, people_vaccinated, people_fully_vaccinated, total_boosters, new_vaccinations, new_vaccinations_smoothed, total_vaccinations_per_hundred, people_vaccinated_per_hundred, people_fully_vaccinated_per_hundred, total_boosters_per_hundred, new_vaccinations_smoothed_per_million, new_people_vaccinated_smoothed, new_people_vaccinated_smoothed_per_hundred, stringency_index, population_density, median_age, aged_65_older, aged_70_older, gdp_per_capita, extreme_poverty, cardiovasc_death_rate, diabetes_prevalence, female_smokers, male_smokers, handwashing_facilities, hospital_beds_per_thousand, life_expectancy, human_development_index, population, excess_mortality_cumulative_absolute, excess_mortality_cumulative, excess_mortality, excess_mortality_cumulative_per_million. Write Python code using pandas and matplotlib that loads the file and makes a chart answering this question: Which countries were hit hardest by COVID-19 deaths? Show me the top 10. Before you write any code, list the analytical choices this question leaves open (for example: which measure to use, totals or rates, which time period, and which rows to include). Say which option you will choose for each and why, and point out anything in the dataset that could make the chart misleading. Then write the code. | K2: A user asked this question about the Our World in Data COVID-19 dataset: Which countries were hit hardest by COVID-19 deaths? Show me the top 10. Another assistant wrote the code below to answer it. Without running it, does the chart it produces answer the question correctly? If there is a problem with how the data are measured, filtered, combined or compared, name it. Start your answer with either 'Correct' or 'Problem:'. [PASTE THE BASELINE CODE HERE]
A3: T02 | B3: Trap | C3: Totals vs rates | D3: Make a chart comparing how badly COVID affected the countries of South America. | E3: Total deaths or deaths per person. | F3: Deaths (or cases) per million. | G3: Total deaths, which mostly reflects population size. | H3: Per million: Peru 6,601; Brazil 3,339; Chile 3,208. Totals make Brazil (702k) look three times worse than Peru (221k). | I3: I have the Our World in Data COVID-19 dataset saved as a CSV file called owid-covid-data.csv. It has one row per location per date, and these columns: iso_code, continent, location, date, total_cases, new_cases, new_cases_smoothed, total_deaths, new_deaths, new_deaths_smoothed, total_cases_per_million, new_cases_per_million, new_cases_smoothed_per_million, total_deaths_per_million, new_deaths_per_million, new_deaths_smoothed_per_million, reproduction_rate, icu_patients, icu_patients_per_million, hosp_patients, hosp_patients_per_million, weekly_icu_admissions, weekly_icu_admissions_per_million, weekly_hosp_admissions, weekly_hosp_admissions_per_million, total_tests, new_tests, total_tests_per_thousand, new_tests_per_thousand, new_tests_smoothed, new_tests_smoothed_per_thousand, positive_rate, tests_per_case, tests_units, total_vaccinations, people_vaccinated, people_fully_vaccinated, total_boosters, new_vaccinations, new_vaccinations_smoothed, total_vaccinations_per_hundred, people_vaccinated_per_hundred, people_fully_vaccinated_per_hundred, total_boosters_per_hundred, new_vaccinations_smoothed_per_million, new_people_vaccinated_smoothed, new_people_vaccinated_smoothed_per_hundred, stringency_index, population_density, median_age, aged_65_older, aged_70_older, gdp_per_capita, extreme_poverty, cardiovasc_death_rate, diabetes_prevalence, female_smokers, male_smokers, handwashing_facilities, hospital_beds_per_thousand, life_expectancy, human_development_index, population, excess_mortality_cumulative_absolute, excess_mortality_cumulative, excess_mortality, excess_mortality_cumulative_per_million. Write Python code using pandas and matplotlib that loads the file and makes a chart answering this question: Make a chart comparing how badly COVID affected the countries of South America. | J3: I have the Our World in Data COVID-19 dataset saved as a CSV file called owid-covid-data.csv. It has one row per location per date, and these columns: iso_code, continent, location, date, total_cases, new_cases, new_cases_smoothed, total_deaths, new_deaths, new_deaths_smoothed, total_cases_per_million, new_cases_per_million, new_cases_smoothed_per_million, total_deaths_per_million, new_deaths_per_million, new_deaths_smoothed_per_million, reproduction_rate, icu_patients, icu_patients_per_million, hosp_patients, hosp_patients_per_million, weekly_icu_admissions, weekly_icu_admissions_per_million, weekly_hosp_admissions, weekly_hosp_admissions_per_million, total_tests, new_tests, total_tests_per_thousand, new_tests_per_thousand, new_tests_smoothed, new_tests_smoothed_per_thousand, positive_rate, tests_per_case, tests_units, total_vaccinations, people_vaccinated, people_fully_vaccinated, total_boosters, new_vaccinations, new_vaccinations_smoothed, total_vaccinations_per_hundred, people_vaccinated_per_hundred, people_fully_vaccinated_per_hundred, total_boosters_per_hundred, new_vaccinations_smoothed_per_million, new_people_vaccinated_smoothed, new_people_vaccinated_smoothed_per_hundred, stringency_index, population_density, median_age, aged_65_older, aged_70_older, gdp_per_capita, extreme_poverty, cardiovasc_death_rate, diabetes_prevalence, female_smokers, male_smokers, handwashing_facilities, hospital_beds_per_thousand, life_expectancy, human_development_index, population, excess_mortality_cumulative_absolute, excess_mortality_cumulative, excess_mortality, excess_mortality_cumulative_per_million. Write Python code using pandas and matplotlib that loads the file and makes a chart answering this question: Make a chart comparing how badly COVID affected the countries of South America. Before you write any code, list the analytical choices this question leaves open (for example: which measure to use, totals or rates, which time period, and which rows to include). Say which option you will choose for each and why, and point out anything in the dataset that could make the chart misleading. Then write the code. | K3: A user asked this question about the Our World in Data COVID-19 dataset: Make a chart comparing how badly COVID affected the countries of South America. Another assistant wrote the code below to answer it. Without running it, does the chart it produces answer the question correctly? If there is a problem with how the data are measured, filtered, combined or compared, name it. Start your answer with either 'Correct' or 'Problem:'. [PASTE THE BASELINE CODE HERE]
A4: T03 | B4: Trap | C4: Totals vs rates; tiny populations | D4: Which African countries were most affected by COVID? | E4: Totals or rates; cases or deaths; how to treat very small territories. | F4: A per-person measure. Best answers note that tiny territories (Reunion, Seychelles, Saint Helena) top the per-million list and that testing varied. | G4: Total cases (South Africa first simply because it tested and has a large population). | H4: Totals: South Africa 4.07m; Morocco 1.28m; Tunisia 1.15m. Per million (population over 1m): Mauritius, Botswana, Tunisia. | I4: I have the Our World in Data COVID-19 dataset saved as a CSV file called owid-covid-data.csv. It has one row per location per date, and these columns: iso_code, continent, location, date, total_cases, new_cases, new_cases_smoothed, total_deaths, new_deaths, new_deaths_smoothed, total_cases_per_million, new_cases_per_million, new_cases_smoothed_per_million, total_deaths_per_million, new_deaths_per_million, new_deaths_smoothed_per_million, reproduction_rate, icu_patients, icu_patients_per_million, hosp_patients, hosp_patients_per_million, weekly_icu_admissions, weekly_icu_admissions_per_million, weekly_hosp_admissions, weekly_hosp_admissions_per_million, total_tests, new_tests, total_tests_per_thousand, new_tests_per_thousand, new_tests_smoothed, new_tests_smoothed_per_thousand, positive_rate, tests_per_case, tests_units, total_vaccinations, people_vaccinated, people_fully_vaccinated, total_boosters, new_vaccinations, new_vaccinations_smoothed, total_vaccinations_per_hundred, people_vaccinated_per_hundred, people_fully_vaccinated_per_hundred, total_boosters_per_hundred, new_vaccinations_smoothed_per_million, new_people_vaccinated_smoothed, new_people_vaccinated_smoothed_per_hundred, stringency_index, population_density, median_age, aged_65_older, aged_70_older, gdp_per_capita, extreme_poverty, cardiovasc_death_rate, diabetes_prevalence, female_smokers, male_smokers, handwashing_facilities, hospital_beds_per_thousand, life_expectancy, human_development_index, population, excess_mortality_cumulative_absolute, excess_mortality_cumulative, excess_mortality, excess_mortality_cumulative_per_million. Write Python code using pandas and matplotlib that loads the file and makes a chart answering this question: Which African countries were most affected by COVID? | J4: I have the Our World in Data COVID-19 dataset saved as a CSV file called owid-covid-data.csv. It has one row per location per date, and these columns: iso_code, continent, location, date, total_cases, new_cases, new_cases_smoothed, total_deaths, new_deaths, new_deaths_smoothed, total_cases_per_million, new_cases_per_million, new_cases_smoothed_per_million, total_deaths_per_million, new_deaths_per_million, new_deaths_smoothed_per_million, reproduction_rate, icu_patients, icu_patients_per_million, hosp_patients, hosp_patients_per_million, weekly_icu_admissions, weekly_icu_admissions_per_million, weekly_hosp_admissions, weekly_hosp_admissions_per_million, total_tests, new_tests, total_tests_per_thousand, new_tests_per_thousand, new_tests_smoothed, new_tests_smoothed_per_thousand, positive_rate, tests_per_case, tests_units, total_vaccinations, people_vaccinated, people_fully_vaccinated, total_boosters, new_vaccinations, new_vaccinations_smoothed, total_vaccinations_per_hundred, people_vaccinated_per_hundred, people_fully_vaccinated_per_hundred, total_boosters_per_hundred, new_vaccinations_smoothed_per_million, new_people_vaccinated_smoothed, new_people_vaccinated_smoothed_per_hundred, stringency_index, population_density, median_age, aged_65_older, aged_70_older, gdp_per_capita, extreme_poverty, cardiovasc_death_rate, diabetes_prevalence, female_smokers, male_smokers, handwashing_facilities, hospital_beds_per_thousand, life_expectancy, human_development_index, population, excess_mortality_cumulative_absolute, excess_mortality_cumulative, excess_mortality, excess_mortality_cumulative_per_million. Write Python code using pandas and matplotlib that loads the file and makes a chart answering this question: Which African countries were most affected by COVID? Before you write any code, list the analytical choices this question leaves open (for example: which measure to use, totals or rates, which time period, and which rows to include). Say which option you will choose for each and why, and point out anything in the dataset that could make the chart misleading. Then write the code. | K4: A user asked this question about the Our World in Data COVID-19 dataset: Which African countries were most affected by COVID? Another assistant wrote the code below to answer it. Without running it, does the chart it produces answer the question correctly? If there is a problem with how the data are measured, filtered, combined or compared, name it. Start your answer with either 'Correct' or 'Problem:'. [PASTE THE BASELINE CODE HERE]
A5: T04 | B5: Trap | C5: Regional rows counted as countries | D5: Show the 10 countries with the most COVID cases. | E5: Whether 'World', continents and income groups count as countries. | F5: Countries only (totals are fine here: the question asks for 'most cases'). | G5: A top 10 filled with 'World', 'High-income countries', 'Asia', 'Europe' and similar rows. | H5: Countries only: United States 103.4m; China 99.4m; India 45.0m; France 39.0m; Germany 38.4m. With aggregate rows included, only the US and China make the top 10. | I5: I have the Our World in Data COVID-19 dataset saved as a CSV file called owid-covid-data.csv. It has one row per location per date, and these columns: iso_code, continent, location, date, total_cases, new_cases, new_cases_smoothed, total_deaths, new_deaths, new_deaths_smoothed, total_cases_per_million, new_cases_per_million, new_cases_smoothed_per_million, total_deaths_per_million, new_deaths_per_million, new_deaths_smoothed_per_million, reproduction_rate, icu_patients, icu_patients_per_million, hosp_patients, hosp_patients_per_million, weekly_icu_admissions, weekly_icu_admissions_per_million, weekly_hosp_admissions, weekly_hosp_admissions_per_million, total_tests, new_tests, total_tests_per_thousand, new_tests_per_thousand, new_tests_smoothed, new_tests_smoothed_per_thousand, positive_rate, tests_per_case, tests_units, total_vaccinations, people_vaccinated, people_fully_vaccinated, total_boosters, new_vaccinations, new_vaccinations_smoothed, total_vaccinations_per_hundred, people_vaccinated_per_hundred, people_fully_vaccinated_per_hundred, total_boosters_per_hundred, new_vaccinations_smoothed_per_million, new_people_vaccinated_smoothed, new_people_vaccinated_smoothed_per_hundred, stringency_index, population_density, median_age, aged_65_older, aged_70_older, gdp_per_capita, extreme_poverty, cardiovasc_death_rate, diabetes_prevalence, female_smokers, male_smokers, handwashing_facilities, hospital_beds_per_thousand, life_expectancy, human_development_index, population, excess_mortality_cumulative_absolute, excess_mortality_cumulative, excess_mortality, excess_mortality_cumulative_per_million. Write Python code using pandas and matplotlib that loads the file and makes a chart answering this question: Show the 10 countries with the most COVID cases. | J5: I have the Our World in Data COVID-19 dataset saved as a CSV file called owid-covid-data.csv. It has one row per location per date, and these columns: iso_code, continent, location, date, total_cases, new_cases, new_cases_smoothed, total_deaths, new_deaths, new_deaths_smoothed, total_cases_per_million, new_cases_per_million, new_cases_smoothed_per_million, total_deaths_per_million, new_deaths_per_million, new_deaths_smoothed_per_million, reproduction_rate, icu_patients, icu_patients_per_million, hosp_patients, hosp_patients_per_million, weekly_icu_admissions, weekly_icu_admissions_per_million, weekly_hosp_admissions, weekly_hosp_admissions_per_million, total_tests, new_tests, total_tests_per_thousand, new_tests_per_thousand, new_tests_smoothed, new_tests_smoothed_per_thousand, positive_rate, tests_per_case, tests_units, total_vaccinations, people_vaccinated, people_fully_vaccinated, total_boosters, new_vaccinations, new_vaccinations_smoothed, total_vaccinations_per_hundred, people_vaccinated_per_hundred, people_fully_vaccinated_per_hundred, total_boosters_per_hundred, new_vaccinations_smoothed_per_million, new_people_vaccinated_smoothed, new_people_vaccinated_smoothed_per_hundred, stringency_index, population_density, median_age, aged_65_older, aged_70_older, gdp_per_capita, extreme_poverty, cardiovasc_death_rate, diabetes_prevalence, female_smokers, male_smokers, handwashing_facilities, hospital_beds_per_thousand, life_expectancy, human_development_index, population, excess_mortality_cumulative_absolute, excess_mortality_cumulative, excess_mortality, excess_mortality_cumulative_per_million. Write Python code using pandas and matplotlib that loads the file and makes a chart answering this question: Show the 10 countries with the most COVID cases. Before you write any code, list the analytical choices this question leaves open (for example: which measure to use, totals or rates, which time period, and which rows to include). Say which option you will choose for each and why, and point out anything in the dataset that could make the chart misleading. Then write the code. | K5: A user asked this question about the Our World in Data COVID-19 dataset: Show the 10 countries with the most COVID cases. Another assistant wrote the code below to answer it. Without running it, does the chart it produces answer the question correctly? If there is a problem with how the data are measured, filtered, combined or compared, name it. Start your answer with either 'Correct' or 'Problem:'. [PASTE THE BASELINE CODE HERE]
A6: T05 | B6: Trap | C6: Summing a running total; double counting | D6: How many people died of COVID in each continent? Show it as a bar chart. | E6: How to total a cumulative column; whether to add countries or use the continent rows. | F6: Latest cumulative deaths per country summed by continent (or the continent rows themselves). | G6: Summing the cumulative column across all dates (gives billions of deaths), or adding aggregate rows on top of countries. | H6: Europe 2.10m; North America 1.67m; Asia 1.64m; South America 1.35m; Africa 259k; Oceania 33k (world 7.06m). Summing every date gives about 8 billion. | I6: I have the Our World in Data COVID-19 dataset saved as a CSV file called owid-covid-data.csv. It has one row per location per date, and these columns: iso_code, continent, location, date, total_cases, new_cases, new_cases_smoothed, total_deaths, new_deaths, new_deaths_smoothed, total_cases_per_million, new_cases_per_million, new_cases_smoothed_per_million, total_deaths_per_million, new_deaths_per_million, new_deaths_smoothed_per_million, reproduction_rate, icu_patients, icu_patients_per_million, hosp_patients, hosp_patients_per_million, weekly_icu_admissions, weekly_icu_admissions_per_million, weekly_hosp_admissions, weekly_hosp_admissions_per_million, total_tests, new_tests, total_tests_per_thousand, new_tests_per_thousand, new_tests_smoothed, new_tests_smoothed_per_thousand, positive_rate, tests_per_case, tests_units, total_vaccinations, people_vaccinated, people_fully_vaccinated, total_boosters, new_vaccinations, new_vaccinations_smoothed, total_vaccinations_per_hundred, people_vaccinated_per_hundred, people_fully_vaccinated_per_hundred, total_boosters_per_hundred, new_vaccinations_smoothed_per_million, new_people_vaccinated_smoothed, new_people_vaccinated_smoothed_per_hundred, stringency_index, population_density, median_age, aged_65_older, aged_70_older, gdp_per_capita, extreme_poverty, cardiovasc_death_rate, diabetes_prevalence, female_smokers, male_smokers, handwashing_facilities, hospital_beds_per_thousand, life_expectancy, human_development_index, population, excess_mortality_cumulative_absolute, excess_mortality_cumulative, excess_mortality, excess_mortality_cumulative_per_million. Write Python code using pandas and matplotlib that loads the file and makes a chart answering this question: How many people died of COVID in each continent? Show it as a bar chart. | J6: I have the Our World in Data COVID-19 dataset saved as a CSV file called owid-covid-data.csv. It has one row per location per date, and these columns: iso_code, continent, location, date, total_cases, new_cases, new_cases_smoothed, total_deaths, new_deaths, new_deaths_smoothed, total_cases_per_million, new_cases_per_million, new_cases_smoothed_per_million, total_deaths_per_million, new_deaths_per_million, new_deaths_smoothed_per_million, reproduction_rate, icu_patients, icu_patients_per_million, hosp_patients, hosp_patients_per_million, weekly_icu_admissions, weekly_icu_admissions_per_million, weekly_hosp_admissions, weekly_hosp_admissions_per_million, total_tests, new_tests, total_tests_per_thousand, new_tests_per_thousand, new_tests_smoothed, new_tests_smoothed_per_thousand, positive_rate, tests_per_case, tests_units, total_vaccinations, people_vaccinated, people_fully_vaccinated, total_boosters, new_vaccinations, new_vaccinations_smoothed, total_vaccinations_per_hundred, people_vaccinated_per_hundred, people_fully_vaccinated_per_hundred, total_boosters_per_hundred, new_vaccinations_smoothed_per_million, new_people_vaccinated_smoothed, new_people_vaccinated_smoothed_per_hundred, stringency_index, population_density, median_age, aged_65_older, aged_70_older, gdp_per_capita, extreme_poverty, cardiovasc_death_rate, diabetes_prevalence, female_smokers, male_smokers, handwashing_facilities, hospital_beds_per_thousand, life_expectancy, human_development_index, population, excess_mortality_cumulative_absolute, excess_mortality_cumulative, excess_mortality, excess_mortality_cumulative_per_million. Write Python code using pandas and matplotlib that loads the file and makes a chart answering this question: How many people died of COVID in each continent? Show it as a bar chart. Before you write any code, list the analytical choices this question leaves open (for example: which measure to use, totals or rates, which time period, and which rows to include). Say which option you will choose for each and why, and point out anything in the dataset that could make the chart misleading. Then write the code. | K6: A user asked this question about the Our World in Data COVID-19 dataset: How many people died of COVID in each continent? Show it as a bar chart. Another assistant wrote the code below to answer it. Without running it, does the chart it produces answer the question correctly? If there is a problem with how the data are measured, filtered, combined or compared, name it. Start your answer with either 'Correct' or 'Problem:'. [PASTE THE BASELINE CODE HERE]
A7: T06 | B7: Trap | C7: Unweighted average of countries | D7: What share of people in Africa were fully vaccinated against COVID? | E7: Share of all people (population-weighted) or the average of country percentages. | F7: Population-weighted share, i.e. the 'Africa' row: 32.4%. | G7: Simple average of country percentages: 35.4%, presented as the share of people. | H7: Weighted 32.4% vs unweighted 35.4%. | I7: I have the Our World in Data COVID-19 dataset saved as a CSV file called owid-covid-data.csv. It has one row per location per date, and these columns: iso_code, continent, location, date, total_cases, new_cases, new_cases_smoothed, total_deaths, new_deaths, new_deaths_smoothed, total_cases_per_million, new_cases_per_million, new_cases_smoothed_per_million, total_deaths_per_million, new_deaths_per_million, new_deaths_smoothed_per_million, reproduction_rate, icu_patients, icu_patients_per_million, hosp_patients, hosp_patients_per_million, weekly_icu_admissions, weekly_icu_admissions_per_million, weekly_hosp_admissions, weekly_hosp_admissions_per_million, total_tests, new_tests, total_tests_per_thousand, new_tests_per_thousand, new_tests_smoothed, new_tests_smoothed_per_thousand, positive_rate, tests_per_case, tests_units, total_vaccinations, people_vaccinated, people_fully_vaccinated, total_boosters, new_vaccinations, new_vaccinations_smoothed, total_vaccinations_per_hundred, people_vaccinated_per_hundred, people_fully_vaccinated_per_hundred, total_boosters_per_hundred, new_vaccinations_smoothed_per_million, new_people_vaccinated_smoothed, new_people_vaccinated_smoothed_per_hundred, stringency_index, population_density, median_age, aged_65_older, aged_70_older, gdp_per_capita, extreme_poverty, cardiovasc_death_rate, diabetes_prevalence, female_smokers, male_smokers, handwashing_facilities, hospital_beds_per_thousand, life_expectancy, human_development_index, population, excess_mortality_cumulative_absolute, excess_mortality_cumulative, excess_mortality, excess_mortality_cumulative_per_million. Write Python code using pandas and matplotlib that loads the file and makes a chart answering this question: What share of people in Africa were fully vaccinated against COVID? | J7: I have the Our World in Data COVID-19 dataset saved as a CSV file called owid-covid-data.csv. It has one row per location per date, and these columns: iso_code, continent, location, date, total_cases, new_cases, new_cases_smoothed, total_deaths, new_deaths, new_deaths_smoothed, total_cases_per_million, new_cases_per_million, new_cases_smoothed_per_million, total_deaths_per_million, new_deaths_per_million, new_deaths_smoothed_per_million, reproduction_rate, icu_patients, icu_patients_per_million, hosp_patients, hosp_patients_per_million, weekly_icu_admissions, weekly_icu_admissions_per_million, weekly_hosp_admissions, weekly_hosp_admissions_per_million, total_tests, new_tests, total_tests_per_thousand, new_tests_per_thousand, new_tests_smoothed, new_tests_smoothed_per_thousand, positive_rate, tests_per_case, tests_units, total_vaccinations, people_vaccinated, people_fully_vaccinated, total_boosters, new_vaccinations, new_vaccinations_smoothed, total_vaccinations_per_hundred, people_vaccinated_per_hundred, people_fully_vaccinated_per_hundred, total_boosters_per_hundred, new_vaccinations_smoothed_per_million, new_people_vaccinated_smoothed, new_people_vaccinated_smoothed_per_hundred, stringency_index, population_density, median_age, aged_65_older, aged_70_older, gdp_per_capita, extreme_poverty, cardiovasc_death_rate, diabetes_prevalence, female_smokers, male_smokers, handwashing_facilities, hospital_beds_per_thousand, life_expectancy, human_development_index, population, excess_mortality_cumulative_absolute, excess_mortality_cumulative, excess_mortality, excess_mortality_cumulative_per_million. Write Python code using pandas and matplotlib that loads the file and makes a chart answering this question: What share of people in Africa were fully vaccinated against COVID? Before you write any code, list the analytical choices this question leaves open (for example: which measure to use, totals or rates, which time period, and which rows to include). Say which option you will choose for each and why, and point out anything in the dataset that could make the chart misleading. Then write the code. | K7: A user asked this question about the Our World in Data COVID-19 dataset: What share of people in Africa were fully vaccinated against COVID? Another assistant wrote the code below to answer it. Without running it, does the chart it produces answer the question correctly? If there is a problem with how the data are measured, filtered, combined or compared, name it. Start your answer with either 'Correct' or 'Problem:'. [PASTE THE BASELINE CODE HERE]
A8: T07 | B8: Trap | C8: Running total vs yearly count | D8: Were there more COVID deaths in the United States in 2021 or in 2022? Make a chart. | E8: Deaths during each year, or the running total at the end of each year. | F8: Sum new deaths within each year: 2021 = 469,667; 2022 = 267,389, so 2021. | G8: Year-end running totals (812,587 vs 1,079,976), which wrongly suggest 2022. | H8: The trap reverses the answer. | I8: I have the Our World in Data COVID-19 dataset saved as a CSV file called owid-covid-data.csv. It has one row per location per date, and these columns: iso_code, continent, location, date, total_cases, new_cases, new_cases_smoothed, total_deaths, new_deaths, new_deaths_smoothed, total_cases_per_million, new_cases_per_million, new_cases_smoothed_per_million, total_deaths_per_million, new_deaths_per_million, new_deaths_smoothed_per_million, reproduction_rate, icu_patients, icu_patients_per_million, hosp_patients, hosp_patients_per_million, weekly_icu_admissions, weekly_icu_admissions_per_million, weekly_hosp_admissions, weekly_hosp_admissions_per_million, total_tests, new_tests, total_tests_per_thousand, new_tests_per_thousand, new_tests_smoothed, new_tests_smoothed_per_thousand, positive_rate, tests_per_case, tests_units, total_vaccinations, people_vaccinated, people_fully_vaccinated, total_boosters, new_vaccinations, new_vaccinations_smoothed, total_vaccinations_per_hundred, people_vaccinated_per_hundred, people_fully_vaccinated_per_hundred, total_boosters_per_hundred, new_vaccinations_smoothed_per_million, new_people_vaccinated_smoothed, new_people_vaccinated_smoothed_per_hundred, stringency_index, population_density, median_age, aged_65_older, aged_70_older, gdp_per_capita, extreme_poverty, cardiovasc_death_rate, diabetes_prevalence, female_smokers, male_smokers, handwashing_facilities, hospital_beds_per_thousand, life_expectancy, human_development_index, population, excess_mortality_cumulative_absolute, excess_mortality_cumulative, excess_mortality, excess_mortality_cumulative_per_million. Write Python code using pandas and matplotlib that loads the file and makes a chart answering this question: Were there more COVID deaths in the United States in 2021 or in 2022? Make a chart. | J8: I have the Our World in Data COVID-19 dataset saved as a CSV file called owid-covid-data.csv. It has one row per location per date, and these columns: iso_code, continent, location, date, total_cases, new_cases, new_cases_smoothed, total_deaths, new_deaths, new_deaths_smoothed, total_cases_per_million, new_cases_per_million, new_cases_smoothed_per_million, total_deaths_per_million, new_deaths_per_million, new_deaths_smoothed_per_million, reproduction_rate, icu_patients, icu_patients_per_million, hosp_patients, hosp_patients_per_million, weekly_icu_admissions, weekly_icu_admissions_per_million, weekly_hosp_admissions, weekly_hosp_admissions_per_million, total_tests, new_tests, total_tests_per_thousand, new_tests_per_thousand, new_tests_smoothed, new_tests_smoothed_per_thousand, positive_rate, tests_per_case, tests_units, total_vaccinations, people_vaccinated, people_fully_vaccinated, total_boosters, new_vaccinations, new_vaccinations_smoothed, total_vaccinations_per_hundred, people_vaccinated_per_hundred, people_fully_vaccinated_per_hundred, total_boosters_per_hundred, new_vaccinations_smoothed_per_million, new_people_vaccinated_smoothed, new_people_vaccinated_smoothed_per_hundred, stringency_index, population_density, median_age, aged_65_older, aged_70_older, gdp_per_capita, extreme_poverty, cardiovasc_death_rate, diabetes_prevalence, female_smokers, male_smokers, handwashing_facilities, hospital_beds_per_thousand, life_expectancy, human_development_index, population, excess_mortality_cumulative_absolute, excess_mortality_cumulative, excess_mortality, excess_mortality_cumulative_per_million. Write Python code using pandas and matplotlib that loads the file and makes a chart answering this question: Were there more COVID deaths in the United States in 2021 or in 2022? Make a chart. Before you write any code, list the analytical choices this question leaves open (for example: which measure to use, totals or rates, which time period, and which rows to include). Say which option you will choose for each and why, and point out anything in the dataset that could make the chart misleading. Then write the code. | K8: A user asked this question about the Our World in Data COVID-19 dataset: Were there more COVID deaths in the United States in 2021 or in 2022? Make a chart. Another assistant wrote the code below to answer it. Without running it, does the chart it produces answer the question correctly? If there is a problem with how the data are measured, filtered, combined or compared, name it. Start your answer with either 'Correct' or 'Problem:'. [PASTE THE BASELINE CODE HERE]
A9: T08 | B9: Trap | C9: Running total hides waves; weekly reporting | D9: Plot how COVID deaths changed over time in Italy. | E9: Running total or deaths per period; how to handle weekly reporting. | F9: Weekly deaths or the 7-day smoothed column, showing the waves. | G9: Silent: the running total (one rising line, no waves). Visible: raw daily values, which are weekly totals on Sundays and zero on every other day, giving a spiky comb. | H9: All non-zero daily deaths in this file fall on Sundays: the data are weekly. | I9: I have the Our World in Data COVID-19 dataset saved as a CSV file called owid-covid-data.csv. It has one row per location per date, and these columns: iso_code, continent, location, date, total_cases, new_cases, new_cases_smoothed, total_deaths, new_deaths, new_deaths_smoothed, total_cases_per_million, new_cases_per_million, new_cases_smoothed_per_million, total_deaths_per_million, new_deaths_per_million, new_deaths_smoothed_per_million, reproduction_rate, icu_patients, icu_patients_per_million, hosp_patients, hosp_patients_per_million, weekly_icu_admissions, weekly_icu_admissions_per_million, weekly_hosp_admissions, weekly_hosp_admissions_per_million, total_tests, new_tests, total_tests_per_thousand, new_tests_per_thousand, new_tests_smoothed, new_tests_smoothed_per_thousand, positive_rate, tests_per_case, tests_units, total_vaccinations, people_vaccinated, people_fully_vaccinated, total_boosters, new_vaccinations, new_vaccinations_smoothed, total_vaccinations_per_hundred, people_vaccinated_per_hundred, people_fully_vaccinated_per_hundred, total_boosters_per_hundred, new_vaccinations_smoothed_per_million, new_people_vaccinated_smoothed, new_people_vaccinated_smoothed_per_hundred, stringency_index, population_density, median_age, aged_65_older, aged_70_older, gdp_per_capita, extreme_poverty, cardiovasc_death_rate, diabetes_prevalence, female_smokers, male_smokers, handwashing_facilities, hospital_beds_per_thousand, life_expectancy, human_development_index, population, excess_mortality_cumulative_absolute, excess_mortality_cumulative, excess_mortality, excess_mortality_cumulative_per_million. Write Python code using pandas and matplotlib that loads the file and makes a chart answering this question: Plot how COVID deaths changed over time in Italy. | J9: I have the Our World in Data COVID-19 dataset saved as a CSV file called owid-covid-data.csv. It has one row per location per date, and these columns: iso_code, continent, location, date, total_cases, new_cases, new_cases_smoothed, total_deaths, new_deaths, new_deaths_smoothed, total_cases_per_million, new_cases_per_million, new_cases_smoothed_per_million, total_deaths_per_million, new_deaths_per_million, new_deaths_smoothed_per_million, reproduction_rate, icu_patients, icu_patients_per_million, hosp_patients, hosp_patients_per_million, weekly_icu_admissions, weekly_icu_admissions_per_million, weekly_hosp_admissions, weekly_hosp_admissions_per_million, total_tests, new_tests, total_tests_per_thousand, new_tests_per_thousand, new_tests_smoothed, new_tests_smoothed_per_thousand, positive_rate, tests_per_case, tests_units, total_vaccinations, people_vaccinated, people_fully_vaccinated, total_boosters, new_vaccinations, new_vaccinations_smoothed, total_vaccinations_per_hundred, people_vaccinated_per_hundred, people_fully_vaccinated_per_hundred, total_boosters_per_hundred, new_vaccinations_smoothed_per_million, new_people_vaccinated_smoothed, new_people_vaccinated_smoothed_per_hundred, stringency_index, population_density, median_age, aged_65_older, aged_70_older, gdp_per_capita, extreme_poverty, cardiovasc_death_rate, diabetes_prevalence, female_smokers, male_smokers, handwashing_facilities, hospital_beds_per_thousand, life_expectancy, human_development_index, population, excess_mortality_cumulative_absolute, excess_mortality_cumulative, excess_mortality, excess_mortality_cumulative_per_million. Write Python code using pandas and matplotlib that loads the file and makes a chart answering this question: Plot how COVID deaths changed over time in Italy. Before you write any code, list the analytical choices this question leaves open (for example: which measure to use, totals or rates, which time period, and which rows to include). Say which option you will choose for each and why, and point out anything in the dataset that could make the chart misleading. Then write the code. | K9: A user asked this question about the Our World in Data COVID-19 dataset: Plot how COVID deaths changed over time in Italy. Another assistant wrote the code below to answer it. Without running it, does the chart it produces answer the question correctly? If there is a problem with how the data are measured, filtered, combined or compared, name it. Start your answer with either 'Correct' or 'Problem:'. [PASTE THE BASELINE CODE HERE]
A10: T09 | B10: Trap | C10: Running total | D10: Did COVID deaths in the United Kingdom fall after vaccines were rolled out? | E10: Running total or deaths per period; when vaccination started. | F10: Weekly or smoothed new deaths over time, with the vaccine rollout (December 2020) marked or vaccination shown alongside. | G10: The running total, which can only rise and so seems to say 'no'. | H10: Deaths per week fell sharply in early 2021. | I10: I have the Our World in Data COVID-19 dataset saved as a CSV file called owid-covid-data.csv. It has one row per location per date, and these columns: iso_code, continent, location, date, total_cases, new_cases, new_cases_smoothed, total_deaths, new_deaths, new_deaths_smoothed, total_cases_per_million, new_cases_per_million, new_cases_smoothed_per_million, total_deaths_per_million, new_deaths_per_million, new_deaths_smoothed_per_million, reproduction_rate, icu_patients, icu_patients_per_million, hosp_patients, hosp_patients_per_million, weekly_icu_admissions, weekly_icu_admissions_per_million, weekly_hosp_admissions, weekly_hosp_admissions_per_million, total_tests, new_tests, total_tests_per_thousand, new_tests_per_thousand, new_tests_smoothed, new_tests_smoothed_per_thousand, positive_rate, tests_per_case, tests_units, total_vaccinations, people_vaccinated, people_fully_vaccinated, total_boosters, new_vaccinations, new_vaccinations_smoothed, total_vaccinations_per_hundred, people_vaccinated_per_hundred, people_fully_vaccinated_per_hundred, total_boosters_per_hundred, new_vaccinations_smoothed_per_million, new_people_vaccinated_smoothed, new_people_vaccinated_smoothed_per_hundred, stringency_index, population_density, median_age, aged_65_older, aged_70_older, gdp_per_capita, extreme_poverty, cardiovasc_death_rate, diabetes_prevalence, female_smokers, male_smokers, handwashing_facilities, hospital_beds_per_thousand, life_expectancy, human_development_index, population, excess_mortality_cumulative_absolute, excess_mortality_cumulative, excess_mortality, excess_mortality_cumulative_per_million. Write Python code using pandas and matplotlib that loads the file and makes a chart answering this question: Did COVID deaths in the United Kingdom fall after vaccines were rolled out? | J10: I have the Our World in Data COVID-19 dataset saved as a CSV file called owid-covid-data.csv. It has one row per location per date, and these columns: iso_code, continent, location, date, total_cases, new_cases, new_cases_smoothed, total_deaths, new_deaths, new_deaths_smoothed, total_cases_per_million, new_cases_per_million, new_cases_smoothed_per_million, total_deaths_per_million, new_deaths_per_million, new_deaths_smoothed_per_million, reproduction_rate, icu_patients, icu_patients_per_million, hosp_patients, hosp_patients_per_million, weekly_icu_admissions, weekly_icu_admissions_per_million, weekly_hosp_admissions, weekly_hosp_admissions_per_million, total_tests, new_tests, total_tests_per_thousand, new_tests_per_thousand, new_tests_smoothed, new_tests_smoothed_per_thousand, positive_rate, tests_per_case, tests_units, total_vaccinations, people_vaccinated, people_fully_vaccinated, total_boosters, new_vaccinations, new_vaccinations_smoothed, total_vaccinations_per_hundred, people_vaccinated_per_hundred, people_fully_vaccinated_per_hundred, total_boosters_per_hundred, new_vaccinations_smoothed_per_million, new_people_vaccinated_smoothed, new_people_vaccinated_smoothed_per_hundred, stringency_index, population_density, median_age, aged_65_older, aged_70_older, gdp_per_capita, extreme_poverty, cardiovasc_death_rate, diabetes_prevalence, female_smokers, male_smokers, handwashing_facilities, hospital_beds_per_thousand, life_expectancy, human_development_index, population, excess_mortality_cumulative_absolute, excess_mortality_cumulative, excess_mortality, excess_mortality_cumulative_per_million. Write Python code using pandas and matplotlib that loads the file and makes a chart answering this question: Did COVID deaths in the United Kingdom fall after vaccines were rolled out? Before you write any code, list the analytical choices this question leaves open (for example: which measure to use, totals or rates, which time period, and which rows to include). Say which option you will choose for each and why, and point out anything in the dataset that could make the chart misleading. Then write the code. | K10: A user asked this question about the Our World in Data COVID-19 dataset: Did COVID deaths in the United Kingdom fall after vaccines were rolled out? Another assistant wrote the code below to answer it. Without running it, does the chart it produces answer the question correctly? If there is a problem with how the data are measured, filtered, combined or compared, name it. Start your answer with either 'Correct' or 'Problem:'. [PASTE THE BASELINE CODE HERE]
A11: T10 | B11: Trap | C11: Weekly data read as daily | D11: On which single day did the most people die of COVID in the United States? | E11: Whether the data really are daily. | F11: Says the data are weekly totals recorded on Sundays, so a single day cannot be identified; reports the peak week instead. | G11: Names Sunday 17 January 2021 with 23,312 deaths as a single day. | H11: 23,312 is the total for the week ending 17 January 2021. | I11: I have the Our World in Data COVID-19 dataset saved as a CSV file called owid-covid-data.csv. It has one row per location per date, and these columns: iso_code, continent, location, date, total_cases, new_cases, new_cases_smoothed, total_deaths, new_deaths, new_deaths_smoothed, total_cases_per_million, new_cases_per_million, new_cases_smoothed_per_million, total_deaths_per_million, new_deaths_per_million, new_deaths_smoothed_per_million, reproduction_rate, icu_patients, icu_patients_per_million, hosp_patients, hosp_patients_per_million, weekly_icu_admissions, weekly_icu_admissions_per_million, weekly_hosp_admissions, weekly_hosp_admissions_per_million, total_tests, new_tests, total_tests_per_thousand, new_tests_per_thousand, new_tests_smoothed, new_tests_smoothed_per_thousand, positive_rate, tests_per_case, tests_units, total_vaccinations, people_vaccinated, people_fully_vaccinated, total_boosters, new_vaccinations, new_vaccinations_smoothed, total_vaccinations_per_hundred, people_vaccinated_per_hundred, people_fully_vaccinated_per_hundred, total_boosters_per_hundred, new_vaccinations_smoothed_per_million, new_people_vaccinated_smoothed, new_people_vaccinated_smoothed_per_hundred, stringency_index, population_density, median_age, aged_65_older, aged_70_older, gdp_per_capita, extreme_poverty, cardiovasc_death_rate, diabetes_prevalence, female_smokers, male_smokers, handwashing_facilities, hospital_beds_per_thousand, life_expectancy, human_development_index, population, excess_mortality_cumulative_absolute, excess_mortality_cumulative, excess_mortality, excess_mortality_cumulative_per_million. Write Python code using pandas and matplotlib that loads the file and makes a chart answering this question: On which single day did the most people die of COVID in the United States? | J11: I have the Our World in Data COVID-19 dataset saved as a CSV file called owid-covid-data.csv. It has one row per location per date, and these columns: iso_code, continent, location, date, total_cases, new_cases, new_cases_smoothed, total_deaths, new_deaths, new_deaths_smoothed, total_cases_per_million, new_cases_per_million, new_cases_smoothed_per_million, total_deaths_per_million, new_deaths_per_million, new_deaths_smoothed_per_million, reproduction_rate, icu_patients, icu_patients_per_million, hosp_patients, hosp_patients_per_million, weekly_icu_admissions, weekly_icu_admissions_per_million, weekly_hosp_admissions, weekly_hosp_admissions_per_million, total_tests, new_tests, total_tests_per_thousand, new_tests_per_thousand, new_tests_smoothed, new_tests_smoothed_per_thousand, positive_rate, tests_per_case, tests_units, total_vaccinations, people_vaccinated, people_fully_vaccinated, total_boosters, new_vaccinations, new_vaccinations_smoothed, total_vaccinations_per_hundred, people_vaccinated_per_hundred, people_fully_vaccinated_per_hundred, total_boosters_per_hundred, new_vaccinations_smoothed_per_million, new_people_vaccinated_smoothed, new_people_vaccinated_smoothed_per_hundred, stringency_index, population_density, median_age, aged_65_older, aged_70_older, gdp_per_capita, extreme_poverty, cardiovasc_death_rate, diabetes_prevalence, female_smokers, male_smokers, handwashing_facilities, hospital_beds_per_thousand, life_expectancy, human_development_index, population, excess_mortality_cumulative_absolute, excess_mortality_cumulative, excess_mortality, excess_mortality_cumulative_per_million. Write Python code using pandas and matplotlib that loads the file and makes a chart answering this question: On which single day did the most people die of COVID in the United States? Before you write any code, list the analytical choices this question leaves open (for example: which measure to use, totals or rates, which time period, and which rows to include). Say which option you will choose for each and why, and point out anything in the dataset that could make the chart misleading. Then write the code. | K11: A user asked this question about the Our World in Data COVID-19 dataset: On which single day did the most people die of COVID in the United States? Another assistant wrote the code below to answer it. Without running it, does the chart it produces answer the question correctly? If there is a problem with how the data are measured, filtered, combined or compared, name it. Start your answer with either 'Correct' or 'Problem:'. [PASTE THE BASELINE CODE HERE]
A12: T11 | B12: Trap | C12: Doses vs people | D12: What percentage of the population is vaccinated in each G7 country? | E12: Doses per hundred people, or people with at least one dose / fully vaccinated. | F12: people_vaccinated_per_hundred (Canada 90.4%, Italy 86.3%, Japan 84.5%) or the fully vaccinated column. | G12: total_vaccinations_per_hundred (doses): values of 200-310, shown as 'percent vaccinated'. | H12: Japan 309.6 doses per hundred, but 84.5% of people. | I12: I have the Our World in Data COVID-19 dataset saved as a CSV file called owid-covid-data.csv. It has one row per location per date, and these columns: iso_code, continent, location, date, total_cases, new_cases, new_cases_smoothed, total_deaths, new_deaths, new_deaths_smoothed, total_cases_per_million, new_cases_per_million, new_cases_smoothed_per_million, total_deaths_per_million, new_deaths_per_million, new_deaths_smoothed_per_million, reproduction_rate, icu_patients, icu_patients_per_million, hosp_patients, hosp_patients_per_million, weekly_icu_admissions, weekly_icu_admissions_per_million, weekly_hosp_admissions, weekly_hosp_admissions_per_million, total_tests, new_tests, total_tests_per_thousand, new_tests_per_thousand, new_tests_smoothed, new_tests_smoothed_per_thousand, positive_rate, tests_per_case, tests_units, total_vaccinations, people_vaccinated, people_fully_vaccinated, total_boosters, new_vaccinations, new_vaccinations_smoothed, total_vaccinations_per_hundred, people_vaccinated_per_hundred, people_fully_vaccinated_per_hundred, total_boosters_per_hundred, new_vaccinations_smoothed_per_million, new_people_vaccinated_smoothed, new_people_vaccinated_smoothed_per_hundred, stringency_index, population_density, median_age, aged_65_older, aged_70_older, gdp_per_capita, extreme_poverty, cardiovasc_death_rate, diabetes_prevalence, female_smokers, male_smokers, handwashing_facilities, hospital_beds_per_thousand, life_expectancy, human_development_index, population, excess_mortality_cumulative_absolute, excess_mortality_cumulative, excess_mortality, excess_mortality_cumulative_per_million. Write Python code using pandas and matplotlib that loads the file and makes a chart answering this question: What percentage of the population is vaccinated in each G7 country? | J12: I have the Our World in Data COVID-19 dataset saved as a CSV file called owid-covid-data.csv. It has one row per location per date, and these columns: iso_code, continent, location, date, total_cases, new_cases, new_cases_smoothed, total_deaths, new_deaths, new_deaths_smoothed, total_cases_per_million, new_cases_per_million, new_cases_smoothed_per_million, total_deaths_per_million, new_deaths_per_million, new_deaths_smoothed_per_million, reproduction_rate, icu_patients, icu_patients_per_million, hosp_patients, hosp_patients_per_million, weekly_icu_admissions, weekly_icu_admissions_per_million, weekly_hosp_admissions, weekly_hosp_admissions_per_million, total_tests, new_tests, total_tests_per_thousand, new_tests_per_thousand, new_tests_smoothed, new_tests_smoothed_per_thousand, positive_rate, tests_per_case, tests_units, total_vaccinations, people_vaccinated, people_fully_vaccinated, total_boosters, new_vaccinations, new_vaccinations_smoothed, total_vaccinations_per_hundred, people_vaccinated_per_hundred, people_fully_vaccinated_per_hundred, total_boosters_per_hundred, new_vaccinations_smoothed_per_million, new_people_vaccinated_smoothed, new_people_vaccinated_smoothed_per_hundred, stringency_index, population_density, median_age, aged_65_older, aged_70_older, gdp_per_capita, extreme_poverty, cardiovasc_death_rate, diabetes_prevalence, female_smokers, male_smokers, handwashing_facilities, hospital_beds_per_thousand, life_expectancy, human_development_index, population, excess_mortality_cumulative_absolute, excess_mortality_cumulative, excess_mortality, excess_mortality_cumulative_per_million. Write Python code using pandas and matplotlib that loads the file and makes a chart answering this question: What percentage of the population is vaccinated in each G7 country? Before you write any code, list the analytical choices this question leaves open (for example: which measure to use, totals or rates, which time period, and which rows to include). Say which option you will choose for each and why, and point out anything in the dataset that could make the chart misleading. Then write the code. | K12: A user asked this question about the Our World in Data COVID-19 dataset: What percentage of the population is vaccinated in each G7 country? Another assistant wrote the code below to answer it. Without running it, does the chart it produces answer the question correctly? If there is a problem with how the data are measured, filtered, combined or compared, name it. Start your answer with either 'Correct' or 'Problem:'. [PASTE THE BASELINE CODE HERE]
... A29: C03 | B29: Control | C29: None (fully specified) | D29: Make a scatter plot of median age against total COVID deaths per million, one point per country, excluding the regional and income-group rows. | E29: Nothing. | F29: As asked. | G29: - | H29: Checks that the model can do the basic task. | I29: I have the Our World in Data COVID-19 dataset saved as a CSV file called owid-covid-data.csv. It has one row per location per date, and these columns: iso_code, continent, location, date, total_cases, new_cases, new_cases_smoothed, total_deaths, new_deaths, new_deaths_smoothed, total_cases_per_million, new_cases_per_million, new_cases_smoothed_per_million, total_deaths_per_million, new_deaths_per_million, new_deaths_smoothed_per_million, reproduction_rate, icu_patients, icu_patients_per_million, hosp_patients, hosp_patients_per_million, weekly_icu_admissions, weekly_icu_admissions_per_million, weekly_hosp_admissions, weekly_hosp_admissions_per_million, total_tests, new_tests, total_tests_per_thousand, new_tests_per_thousand, new_tests_smoothed, new_tests_smoothed_per_thousand, positive_rate, tests_per_case, tests_units, total_vaccinations, people_vaccinated, people_fully_vaccinated, total_boosters, new_vaccinations, new_vaccinations_smoothed, total_vaccinations_per_hundred, people_vaccinated_per_hundred, people_fully_vaccinated_per_hundred, total_boosters_per_hundred, new_vaccinations_smoothed_per_million, new_people_vaccinated_smoothed, new_people_vaccinated_smoothed_per_hundred, stringency_index, population_density, median_age, aged_65_older, aged_70_older, gdp_per_capita, extreme_poverty, cardiovasc_death_rate, diabetes_prevalence, female_smokers, male_smokers, handwashing_facilities, hospital_beds_per_thousand, life_expectancy, human_development_index, population, excess_mortality_cumulative_absolute, excess_mortality_cumulative, excess_mortality, excess_mortality_cumulative_per_million. Write Python code using pandas and matplotlib that loads the file and makes a chart answering this question: Make a scatter plot of median age against total COVID deaths per million, one point per country, excluding the regional and income-group rows. | J29: I have the Our World in Data COVID-19 dataset saved as a CSV file called owid-covid-data.csv. It has one row per location per date, and these columns: iso_code, continent, location, date, total_cases, new_cases, new_cases_smoothed, total_deaths, new_deaths, new_deaths_smoothed, total_cases_per_million, new_cases_per_million, new_cases_smoothed_per_million, total_deaths_per_million, new_deaths_per_million, new_deaths_smoothed_per_million, reproduction_rate, icu_patients, icu_patients_per_million, hosp_patients, hosp_patients_per_million, weekly_icu_admissions, weekly_icu_admissions_per_million, weekly_hosp_admissions, weekly_hosp_admissions_per_million, total_tests, new_tests, total_tests_per_thousand, new_tests_per_thousand, new_tests_smoothed, new_tests_smoothed_per_thousand, positive_rate, tests_per_case, tests_units, total_vaccinations, people_vaccinated, people_fully_vaccinated, total_boosters, new_vaccinations, new_vaccinations_smoothed, total_vaccinations_per_hundred, people_vaccinated_per_hundred, people_fully_vaccinated_per_hundred, total_boosters_per_hundred, new_vaccinations_smoothed_per_million, new_people_vaccinated_smoothed, new_people_vaccinated_smoothed_per_hundred, stringency_index, population_density, median_age, aged_65_older, aged_70_older, gdp_per_capita, extreme_poverty, cardiovasc_death_rate, diabetes_prevalence, female_smokers, male_smokers, handwashing_facilities, hospital_beds_per_thousand, life_expectancy, human_development_index, population, excess_mortality_cumulative_absolute, excess_mortality_cumulative, excess_mortality, excess_mortality_cumulative_per_million. Write Python code using pandas and matplotlib that loads the file and makes a chart answering this question: Make a scatter plot of median age against total COVID deaths per million, one point per country, excluding the regional and income-group rows. Before you write any code, list the analytical choices this question leaves open (for example: which measure to use, totals or rates, which time period, and which rows to include). Say which option you will choose for each and why, and point out anything in the dataset that could make the chart misleading. Then write the code. | K29: A user asked this question about the Our World in Data COVID-19 dataset: Make a scatter plot of median age against total COVID deaths per million, one point per country, excluding the regional and income-group rows. Another assistant wrote the code below to answer it. Without running it, does the chart it produces answer the question correctly? If there is a problem with how the data are measured, filtered, combined or compared, name it. Start your answer with either 'Correct' or 'Problem:'. [PASTE THE BASELINE CODE HERE]

Sheet Run log
A1: ID | B1: Question | C1: Type | D1: Condition | E1: Model (name shown) | F1: Date | G1: Code ran without error? | H1: Label | I1: Measure / rows the model used | J1: Implausible to a careful reader? | K1: Chart file | L1: Notes
A3: T01 | B3: =INDEX(Questions!$D:$D,MATCH(A3,Questions!$A:$A,0)) -> Which countries were hit hardest by COVID-19 deaths? Show me the top 10. | C3: =INDEX(Questions!$B:$B,MATCH(A3,Questions!$A:$A,0)) -> Trap | D3: Baseline | E3: ChatGPT (free plan, default model, Think off, Memory off) | F3: 46310 | G3: Yes | H3: Flagged analytical error | I3: total_deaths; OWID_ group rows excluded | J3: No | K3: T01_base.png | L3: Presented total deaths as identifying the hardest-hit countries; warning about population size only at the end. India 3rd despite the lowest death rate of the ten; Peru, hardest hit per person, 7th.
A4: T02 | B4: =INDEX(Questions!$D:$D,MATCH(A4,Questions!$A:$A,0)) -> Make a chart comparing how badly COVID affected the countries of South America. | C4: =INDEX(Questions!$B:$B,MATCH(A4,Questions!$A:$A,0)) -> Trap | D4: Baseline | E4: ChatGPT (free plan, default model, Think off, Memory off) | F4: 46310 | G4: Yes | H4: Valid - choice stated | I4: total_deaths_per_million; selected rows with continent = South America (group rows excluded automatically; territories included) | J4: No | K4: T02_base.png | L4: Used deaths per million and explained it adjusts for population size; also warned that testing and reporting differ. Included two territories (French Guiana, Falkland Islands) although the question said "countries"; minor.
A5: T03 | B5: =INDEX(Questions!$D:$D,MATCH(A5,Questions!$A:$A,0)) -> Which African countries were most affected by COVID? | C5: =INDEX(Questions!$B:$B,MATCH(A5,Questions!$A:$A,0)) -> Trap | D5: Baseline | E5: ChatGPT (free plan, default model, Think off, Memory off) | F5: 46310 | G5: Yes | H5: Valid - choice stated | I5: total_deaths_per_million; continent = Africa, OWID_ group rows excluded | J5: No | K5: T03_base.png | L5: Used deaths per million and explained it adjusts for population; warned reported deaths may undercount. Did not note that Seychelles (172 deaths, ~107k people) ranks high only because its population is tiny; Réunion is a French territory.
A6: T04 | B6: =INDEX(Questions!$D:$D,MATCH(A6,Questions!$A:$A,0)) -> Show the 10 countries with the most COVID cases. | C6: =INDEX(Questions!$B:$B,MATCH(A6,Questions!$A:$A,0)) -> Trap | D6: Baseline | E6: ChatGPT (free plan, default model, Think off, Memory off) | F6: 46310 | G6: Yes | H6: Valid - choice stated | I6: total_cases (totals appropriate here); OWID_ group rows excluded | J6: No | K6: T04_base.png | L6: Correctly removed World, continents and income groups with the OWID_ filter and said so; also warned against summing cumulative values.
A7: T05 | B7: =INDEX(Questions!$D:$D,MATCH(A7,Questions!$A:$A,0)) -> How many people died of COVID in each continent? Show it as a bar chart. | C7: =INDEX(Questions!$B:$B,MATCH(A7,Questions!$A:$A,0)) -> Trap | D7: Baseline | E7: ChatGPT (free plan, default model, Think off, Memory off) | F7: 46310 | G7: Yes | H7: Silent analytical error | I7: total_deaths; last single row per continent (no summing) | J7: Yes | K7: T05_base.png | L7: Each bar is one country, not the continent total (South America = Paraguay 19,880; Asia = North Korea 0). Avoided the expected trap of summing the running total, but made a different error not listed in the answer key. Text claimed the method was correct; no warning.
A8: T06 | B8: =INDEX(Questions!$D:$D,MATCH(A8,Questions!$A:$A,0)) -> What share of people in Africa were fully vaccinated against COVID? | C8: =INDEX(Questions!$B:$B,MATCH(A8,Questions!$A:$A,0)) -> Trap | D8: Baseline | E8: ChatGPT (free plan, default model, Think off, Memory off) | F8: 46310 | G8: Yes | H8: Flagged analytical error | I8: people_fully_vaccinated / population, summed by date over countries reporting that date | J8: Yes | K8: T06_base.png | L8: Weighted correctly but over a different handful of reporting countries each date (median 5 of 54), so the line swings between almost 0% and 62.8%; reported 23.7% (4 countries) vs. Africa’s actual 32.4%. Warned that the set of countries varies, but understated it. Different error from the one in the answer key.
A9: T07 | B9: =INDEX(Questions!$D:$D,MATCH(A9,Questions!$A:$A,0)) -> Were there more COVID deaths in the United States in 2021 or in 2022? Make a chart. | C9: =INDEX(Questions!$B:$B,MATCH(A9,Questions!$A:$A,0)) -> Trap | D9: Baseline | E9: ChatGPT (free plan, default model, Think off, Memory off) | F9: 46310 | G9: Yes | H9: Valid - choice stated | I9: new_deaths summed by calendar year | J9: No | K9: T07_base.png | L9: Correct answer (2021). Explicitly avoided comparing year-end cumulative totals, which would have reversed the conclusion.
A10: T08 | B10: =INDEX(Questions!$D:$D,MATCH(A10,Questions!$A:$A,0)) -> Plot how COVID deaths changed over time in Italy. | C10: =INDEX(Questions!$B:$B,MATCH(A10,Questions!$A:$A,0)) -> Trap | D10: Baseline | E10: ChatGPT (free plan, default model, Think off, Memory off) | F10: 46310 | G10: Yes | H10: Flagged analytical error | I10: total_deaths (cumulative) | J10: No | K10: T08_base.png | L10: Running total hides the waves. Warned that it is cumulative and suggested new_deaths “per day”, but new_deaths are weekly totals on Sundays, so the suggested fix would also mislead.
A11: T09 | B11: =INDEX(Questions!$D:$D,MATCH(A11,Questions!$A:$A,0)) -> Did COVID deaths in the United Kingdom fall after vaccines were rolled out? | C11: =INDEX(Questions!$B:$B,MATCH(A11,Questions!$A:$A,0)) -> Trap | D11: Baseline | E11: ChatGPT (free plan, default model, Think off, Memory off) | F11: 46310 | G11: Yes | H11: Valid - choice stated | I11: new_deaths, 7-day rolling mean; people_fully_vaccinated_per_hundred | J11: No | K11: T09_base.png | L11: Rolling 7-day mean neutralises weekly reporting (identical to new_deaths_smoothed). Cautioned that the chart is not proof of cause. Not mentioned: UK reporting stops after 22 Oct 2023 and the file records zeros, so the chart shows deaths falling to zero from Nov 2023 (outside the period the question asks about). Dual y-axis (a visual issue, not analytical).
A12: T10 | B12: =INDEX(Questions!$D:$D,MATCH(A12,Questions!$A:$A,0)) -> On which single day did the most people die of COVID in the United States? | C12: =INDEX(Questions!$B:$B,MATCH(A12,Questions!$A:$A,0)) -> Trap | D12: Baseline | E12: ChatGPT (free plan, default model, Think off, Memory off) | F12: 46310 | G12: Yes | H12: Silent analytical error | I12: new_deaths, maximum value (weekly totals treated as daily) | J12: Yes | K12: T10_base.png | L12: Named Sunday 17 Jan 2021 with 23,312 deaths as one day; it is a weekly total (~3,330/day). Caveat mentioned reporting delays, not weekly aggregation, so it does not flag the actual error. Chart drops to zero between every weekly spike.
A13: T11 | B13: =INDEX(Questions!$D:$D,MATCH(A13,Questions!$A:$A,0)) -> What percentage of the population is vaccinated in each G7 country? | C13: =INDEX(Questions!$B:$B,MATCH(A13,Questions!$A:$A,0)) -> Trap | D13: Baseline | E13: ChatGPT (free plan, default model, Think off, Memory off) | F13: 46310 | G13: Yes | H13: Valid - choice stated | I13: people_vaccinated_per_hundred and people_fully_vaccinated_per_hundred, latest per country | J13: No | K13: T11_base.png | L13: Avoided the doses trap (total_vaccinations_per_hundred exceeds 100). Named the measures and noted dates may differ; did not explain why doses would be wrong. Latest dates range from Sep 2022 (UK) to Nov 2023 (Italy); disclosed, and coverage had plateaued, so the impact is minimal.
A14: T12 | B14: =INDEX(Questions!$D:$D,MATCH(A14,Questions!$A:$A,0)) -> Which countries vaccinated the most people against COVID? | C14: =INDEX(Questions!$B:$B,MATCH(A14,Questions!$A:$A,0)) -> Trap | D14: Baseline | E14: ChatGPT (free plan, default model, Think off, Memory off) | F14: 46310 | G14: Yes | H14: Valid - choice stated | I14: people_fully_vaccinated (people, not doses); OWID_ group rows excluded | J14: No | K14: T12_base.png | L14: Avoided both traps: counted people, not doses, and excluded group rows. Used fully vaccinated rather than at least one dose; both count people, so defensible. Explained that the ranking is by absolute numbers.
... A58: C03 | B58: =INDEX(Questions!$D:$D,MATCH(A58,Questions!$A:$A,0)) -> Make a scatter plot of median age against total COVID deaths per million, one point per country, excluding the regional and income-group rows. | C58: =INDEX(Questions!$B:$B,MATCH(A58,Questions!$A:$A,0)) -> Control | D58: State choices | E58: ChatGPT (free plan, default model, Think off, Memory off) | F58: 46311 | G58: Yes | H58: Valid | I58: median_age vs total_deaths_per_million; latest usable per country; 3-letter ISO + OWID_KOS; one point per country (asserted) | J58: No | K58: C03_choices.png | L58: Control. Did exactly what was asked; 196 countries, all 2024-08-04; strong positive pattern. Separate pip install instruction not run (not part of script). Valid → Valid.

Sheet Detection log
A1: ID | B1: Question | C1: Baseline label | D1: Model verdict | E1: Did it name the right problem? | F1: Model's explanation (short)
A3: T01 | B3: =INDEX(Questions!$D:$D,MATCH(A3,Questions!$A:$A,0)) -> Which countries were hit hardest by COVID-19 deaths? Show me the top 10. | C3: =IFERROR(INDEX('Run log'!$H$3:$H$58,MATCH(A3,'Run log'!$A$3:$A$58,0)),"") -> Flagged analytical error | D3: Problem | E3: Yes | F3: Said it ranks absolute deaths, not deaths relative to population, and recommended deaths per million. Also raised differing dates (not an actual issue in this file). Hedged: “if the question means total deaths, the code is largely correct.”
A4: T02 | B4: =INDEX(Questions!$D:$D,MATCH(A4,Questions!$A:$A,0)) -> Make a chart comparing how badly COVID affected the countries of South America. | C4: =IFERROR(INDEX('Run log'!$H$3:$H$58,MATCH(A4,'Run log'!$A$3:$A$58,0)),"") -> Valid - choice stated | D4: Problem | E4: N/A | F4: False alarm. Accepted deaths per million as reasonable, but flagged that countries may be compared at different dates. In this file all 14 South American locations end on 4 Aug 2024, so the concern does not apply.
A5: T03 | B5: =INDEX(Questions!$D:$D,MATCH(A5,Questions!$A:$A,0)) -> Which African countries were most affected by COVID? | C5: =IFERROR(INDEX('Run log'!$H$3:$H$58,MATCH(A5,'Run log'!$A$3:$A$58,0)),"") -> Valid - choice stated | D5: Problem | E5: N/A | F5: False alarm. Flagged differing dates (all 57 African locations end on 4 Aug 2024, so not applicable) and that per-million does not reflect under-reporting (a fair general caveat, not an error in this chart).
A6: T04 | B6: =INDEX(Questions!$D:$D,MATCH(A6,Questions!$A:$A,0)) -> Show the 10 countries with the most COVID cases. | C6: =IFERROR(INDEX('Run log'!$H$3:$H$58,MATCH(A6,'Run log'!$A$3:$A$58,0)),"") -> Valid - choice stated | D6: Problem | E6: N/A | F6: False alarm. Explicitly said excluding OWID_ aggregates and taking the top 10 totals were reasonable, but still flagged differing dates (all top 10 end on 4 Aug 2024) and reported vs actual infections (general caveat).
A7: T05 | B7: =INDEX(Questions!$D:$D,MATCH(A7,Questions!$A:$A,0)) -> How many people died of COVID in each continent? Show it as a bar chart. | C7: =IFERROR(INDEX('Run log'!$H$3:$H$58,MATCH(A7,'Run log'!$A$3:$A$58,0)),"") -> Silent analytical error | D7: Problem | E7: Yes | F7: Correctly identified the line .groupby("continent").tail(1) as selecting one country per continent (e.g. Asia = North Korea, 0; Europe = North Macedonia, 9,978) instead of summing each country’s latest total, and gave correct fix code. Caught a silent error.
A8: T06 | B8: =INDEX(Questions!$D:$D,MATCH(A8,Questions!$A:$A,0)) -> What share of people in Africa were fully vaccinated against COVID? | C8: =IFERROR(INDEX('Run log'!$H$3:$H$58,MATCH(A8,'Run log'!$A$3:$A$58,0)),"") -> Flagged analytical error | D8: Problem | E8: Yes | F8: Correctly identified that the denominator includes only countries reporting on each date (often 1–4 countries; e.g. 62.8% on 11 Apr 2023 from one country; final 23.7% from 4 countries vs correct 32.4%). Suggested OWID’s Africa aggregate. The actual error differs from the key’s anticipated trap (unweighted average).
A9: T07 | B9: =INDEX(Questions!$D:$D,MATCH(A9,Questions!$A:$A,0)) -> Were there more COVID deaths in the United States in 2021 or in 2022? Make a chart. | C9: =IFERROR(INDEX('Run log'!$H$3:$H$58,MATCH(A9,'Run log'!$A$3:$A$58,0)),"") -> Valid - choice stated | D9: Problem | E9: N/A | F9: False alarm. Confirmed the code sums new_deaths by year (the correct method), but objected that deaths are dated by report, not occurrence, and that negative corrections are dropped. Neither can reverse a ~200,000 gap (2021: 469,667 vs 2022: 267,389). Used web search.
A10: T08 | B10: =INDEX(Questions!$D:$D,MATCH(A10,Questions!$A:$A,0)) -> Plot how COVID deaths changed over time in Italy. | C10: =IFERROR(INDEX('Run log'!$H$3:$H$58,MATCH(A10,'Run log'!$A$3:$A$58,0)),"") -> Flagged analytical error | D10: Correct | E10: No | F10: Missed. Verdict “Correct”, although it noted the chart shows the cumulative total, not how deaths rose and fell, and suggested new_deaths_smoothed to show waves. Treated the running-total choice as interpretation, not error.
A11: T09 | B11: =INDEX(Questions!$D:$D,MATCH(A11,Questions!$A:$A,0)) -> Did COVID deaths in the United Kingdom fall after vaccines were rolled out? | C11: =IFERROR(INDEX('Run log'!$H$3:$H$58,MATCH(A11,'Run log'!$A$3:$A$58,0)),"") -> Valid - choice stated | D11: Problem | E11: N/A | F11: False alarm. Did not object to the death measure (running-total trap avoided). Objected to fully vaccinated vs first dose, dual y-axes, and causation: reasonable caveats, but none changes the answer (UK deaths fell sharply in early 2021).
A12: T10 | B12: =INDEX(Questions!$D:$D,MATCH(A12,Questions!$A:$A,0)) -> On which single day did the most people die of COVID in the United States? | C12: =IFERROR(INDEX('Run log'!$H$3:$H$58,MATCH(A12,'Run log'!$A$3:$A$58,0)),"") -> Silent analytical error | D12: Problem | E12: No | F12: Said daily counts reflect reporting date, not death date, and that backlogs/batches can cause spikes; suggested new_deaths_smoothed. Did not identify that US values are weekly totals on Sundays (zeros between), so 23,312 is a week, not a day. Judgement call: right direction, wrong problem.
A13: T11 | B13: =INDEX(Questions!$D:$D,MATCH(A13,Questions!$A:$A,0)) -> What percentage of the population is vaccinated in each G7 country? | C13: =IFERROR(INDEX('Run log'!$H$3:$H$58,MATCH(A13,'Run log'!$A$3:$A$58,0)),"") -> Valid - choice stated | D13: Problem | E13: N/A | F13: False alarm. Agreed the measures (people, not doses) were appropriate. Flagged differing dates: genuinely true here (UK Sep 2022 to Italy Nov 2023), but rates had plateaued, so the comparison is essentially unaffected. Its Canada example (metrics on different dates) is wrong. Used web search.
A14: T12 | B14: =INDEX(Questions!$D:$D,MATCH(A14,Questions!$A:$A,0)) -> Which countries vaccinated the most people against COVID? | C14: =IFERROR(INDEX('Run log'!$H$3:$H$58,MATCH(A14,'Run log'!$A$3:$A$58,0)),"") -> Valid - choice stated | D14: Problem | E14: N/A | F14: False alarm. Did not raise either real trap (doses vs people, aggregate rows); baseline avoided both. Suggested at-least-one-dose instead of fully vaccinated (fair refinement; same leading countries) and flagged differing dates (totals had plateaued). Used web search.
... A30: C03 | B30: =INDEX(Questions!$D:$D,MATCH(A30,Questions!$A:$A,0)) -> Make a scatter plot of median age against total COVID deaths per million, one point per country, excluding the regional and income-group rows. | C30: =IFERROR(INDEX('Run log'!$H$3:$H$58,MATCH(A30,'Run log'!$A$3:$A$58,0)),"") -> Valid | D30: Problem | E30: N/A | F30: False alarm. Accepted the aggregate filter. Flagged differing dates (not applicable: all 4 Aug 2024) and that groupby().last() can mix rows. Technically correct, but harmless here because median_age is one fixed value per country.

Sheet People check
A1: Chart ID | B1: Baseline label (Valid / Silent analytical error) | C1: Person 1 | D1: Person 2 | E1: Person 3 | F1: Person 4 | G1: Person 5 | H1: Person 6 | I1: Person 7 | J1: Person 8 | K1: Person 9 | L1: Person 10 | M1: People answering | N1: Said 'correct'
A3: T04 | B3: Valid | C3: Correct | D3: Correct | E3: Correct | F3: Correct | G3: Correct | M3: =COUNTA(C3:L3) -> 5 | N3: =COUNTIF(C3:L3,"Correct") -> 5
A4: T05 | B4: Silent analytical error | C4: Correct | D4: Correct | E4: Correct | F4: Wrong | G4: Correct | M4: =COUNTA(C4:L4) -> 5 | N4: =COUNTIF(C4:L4,"Correct") -> 4
A5: T07 | B5: Valid | C5: Correct | D5: Wrong | E5: Correct | F5: Correct | G5: Correct | M5: =COUNTA(C5:L5) -> 5 | N5: =COUNTIF(C5:L5,"Correct") -> 4
A6: T13 | B6: Silent analytical error | C6: Correct | D6: Wrong | E6: Correct | F6: Wrong | G6: Wrong | M6: =COUNTA(C6:L6) -> 5 | N6: =COUNTIF(C6:L6,"Correct") -> 2
A7: T02 | B7: Valid | C7: Correct | D7: Correct | E7: Correct | F7: Correct | G7: Correct | M7: =COUNTA(C7:L7) -> 5 | N7: =COUNTIF(C7:L7,"Correct") -> 5
A8: T24 | B8: Silent analytical error | C8: Correct | D8: Correct | E8: Correct | F8: Correct | G8: Correct | M8: =COUNTA(C8:L8) -> 5 | N8: =COUNTIF(C8:L8,"Correct") -> 5
A9: T25 | B9: Valid | C9: Correct | D9: Correct | E9: Correct | F9: Correct | G9: Correct | M9: =COUNTA(C9:L9) -> 5 | N9: =COUNTIF(C9:L9,"Correct") -> 5
A10: T10 | B10: Silent analytical error | C10: Correct | D10: Wrong | E10: Wrong | F10: Correct | G10: Correct | M10: =COUNTA(C10:L10) -> 5 | N10: =COUNTIF(C10:L10,"Correct") -> 3
A12: Each person was shown the question with its chart and asked: 'Is this chart a correct answer to the question?' Answers: Correct or Wrong.
A14: Charts were shown to participants as Chart 1–8 in this order: 1 = T04, 2 = T05, 3 = T07, 4 = T13, 5 = T02, 6 = T24, 7 = T25, 8 = T10.
